created_at,field1,field2,latitude,longitude,elevation,status
2020-07-03 18:03:23 IST,28.31,62.06,,,,
2020-07-03 18:34:02 IST,28.15,61.49,,,,
2020-07-03 19:04:40 IST,27.91,61.88,,,,
2020-07-03 19:35:19 IST,27.68,63.28,,,,
2020-07-03 20:05:57 IST,27.59,64,,,,
2020-07-03 20:36:38 IST,27.39,64.7,,,,
2020-10-06 14:33:27 IST,33.8,33,,,,
2021-01-22 13:56:28 IST,30.38,34.11,,,,
2021-01-23 10:36:30 IST,24.9,43.46,,,,
2021-01-23 10:37:50 IST,25.04,44.87,,,,
2021-01-23 10:38:30 IST,25.06,42.95,,,,
2021-01-23 10:40:03 IST,25.15,42.61,,,,
2021-01-23 10:40:42 IST,25.14,43.29,,,,
2021-01-23 10:42:09 IST,25.2,42.66,,,,
2021-01-23 10:42:49 IST,25.27,42.93,,,,
2021-01-23 10:43:28 IST,25.25,42.64,,,,
2021-01-23 10:44:08 IST,25.3,42.66,,,,
2021-01-23 16:23:23 IST,30.01,52.5,,,,
2021-01-23 16:30:35 IST,29.57,60.03,,,,
2021-01-23 16:41:20 IST,30.14,60.19,,,,
2021-01-23 16:43:31 IST,30.36,43.92,,,,
2021-01-23 16:44:32 IST,30.12,44.65,,,,
2021-01-23 16:57:37 IST,29.98,60.5,,,,
2021-01-29 16:36:22 IST,28.24,27.19,,,,
2021-01-29 16:56:22 IST,27.47,29.02,,,,
2021-01-29 16:57:02 IST,27.95,28.76,,,,
2021-01-29 16:57:43 IST,28.04,28.86,,,,
2021-01-29 16:58:58 IST,29.59,60.5,,,,
2021-01-30 11:51:53 IST,30.01,37.96,,,,
2021-01-30 12:07:26 IST,30.05,50.44,,,,
2021-01-30 12:30:20 IST,35.15,44.12,,,,
2021-01-30 14:46:35 IST,27.38,36.46,,,,
2021-01-30 14:57:14 IST,26.82,34.14,,,,
2021-01-30 15:00:27 IST,26.83,33.83,,,,
2021-01-30 15:01:08 IST,26.84,32.09,,,,
2021-01-30 16:10:57 IST,30.05,53.98,,,,
2021-01-30 17:12:38 IST,29.04,60.24,,,,
2021-01-31 10:32:46 IST,29.33,61.08,,,,
2021-01-31 10:48:05 IST,26.27,100,,,,
2021-01-31 11:06:59 IST,30.01,44.47,,,,
2021-01-31 11:22:47 IST,30.03,40.94,,,,
2021-01-31 11:37:01 IST,30.02,40.04,,,,
2021-01-31 11:51:03 IST,30.02,41.99,,,,
2021-01-31 12:04:55 IST,30.01,43.76,,,,
2021-01-31 12:17:25 IST,30.04,39.93,,,,
2021-01-31 12:29:40 IST,30.04,39.29,,,,
2021-01-31 12:41:19 IST,30.01,39.37,,,,
2021-01-31 12:52:58 IST,30.01,38.81,,,,
2021-01-31 13:05:09 IST,30.03,38.77,,,,
2021-01-31 13:15:54 IST,30.01,37.58,,,,
2021-01-31 13:27:31 IST,30.02,38.24,,,,
2021-01-31 13:38:31 IST,30.04,36.63,,,,
2021-01-31 13:49:10 IST,30.16,36.04,,,,
2021-01-31 13:59:57 IST,30.02,32.51,,,,
2021-01-31 14:11:36 IST,30.02,31.81,,,,
2021-01-31 14:23:14 IST,30.03,32.66,,,,
2021-01-31 14:34:59 IST,30.02,35.39,,,,
2021-01-31 14:48:26 IST,30.02,36.95,,,,
2021-01-31 15:01:36 IST,30.02,35.36,,,,
2021-01-31 15:15:41 IST,30.02,35.96,,,,
2021-01-31 15:30:15 IST,30.03,34.11,,,,
2021-01-31 15:46:15 IST,30.01,38.24,,,,
2021-01-31 16:05:20 IST,30.01,31.55,,,,
2021-01-31 16:27:03 IST,30.01,33.42,,,,
2021-01-31 17:55:08 IST,23.76,60.05,,,,
2021-01-31 18:18:54 IST,22.04,62.46,,,,
2021-01-31 18:29:34 IST,21.43,61.89,,,,
2021-01-31 18:40:13 IST,20.87,61.63,,,,
2021-01-31 18:50:52 IST,20.44,60.58,,,,
2021-01-31 19:01:32 IST,20.01,61.82,,,,
2021-01-31 19:22:51 IST,19.53,63.21,,,,
2021-01-31 19:33:43 IST,19.51,62.53,,,,
2021-01-31 19:44:10 IST,19.49,62.38,,,,
2021-01-31 19:54:50 IST,19.61,61.7,,,,
2021-01-31 20:35:07 IST,19.62,60.1,,,,
2021-01-31 20:56:26 IST,18.33,67.65,,,,
2021-01-31 21:17:45 IST,18.12,67.02,,,,
2021-01-31 21:28:25 IST,17.93,70.03,,,,
2021-01-31 21:49:44 IST,17.57,72.77,,,,
2021-01-31 22:00:23 IST,17.62,72.83,,,,
2021-01-31 22:11:03 IST,17.58,72.48,,,,
2021-01-31 22:21:42 IST,17.44,73.12,,,,
2021-01-31 22:32:22 IST,17.24,73.16,,,,
2021-01-31 22:43:01 IST,17.15,73.53,,,,
2021-01-31 22:53:40 IST,17.14,73.27,,,,
2021-01-31 23:04:19 IST,17.2,71.32,,,,
2021-01-31 23:14:59 IST,17.1,72.2,,,,
2021-01-31 23:25:39 IST,16.95,73.3,,,,
2021-01-31 23:36:18 IST,16.89,73.55,,,,
2021-01-31 23:46:57 IST,16.7,74.89,,,,
2021-01-31 23:57:37 IST,16.65,74.14,,,,
2021-02-01 00:08:16 IST,16.55,75.22,,,,
2021-02-01 00:18:55 IST,16.44,72.98,,,,
2021-02-01 00:29:35 IST,16.28,74.6,,,,
2021-02-01 00:40:14 IST,16.08,76.49,,,,
2021-02-01 00:50:56 IST,16.17,75.63,,,,
2021-02-01 01:01:33 IST,16.16,75.12,,,,
2021-02-01 01:12:13 IST,16.08,74.45,,,,
2021-02-01 01:22:52 IST,15.97,74.04,,,,
2021-02-01 01:33:32 IST,15.96,74.45,,,,
2021-02-01 01:44:11 IST,15.88,74.6,,,,
2021-02-01 01:54:51 IST,15.75,74.69,,,,
2021-02-01 02:05:30 IST,15.6,76.03,,,,
2021-02-01 02:16:10 IST,15.42,77.18,,,,
2021-02-01 02:26:49 IST,15.3,77.78,,,,
2021-02-01 02:37:28 IST,15.31,77.15,,,,
2021-02-01 02:48:08 IST,15.23,77.75,,,,
2021-02-01 02:58:47 IST,15.19,77.63,,,,
2021-02-01 03:09:27 IST,15.06,77.79,,,,
2021-02-01 03:20:06 IST,15.02,77.39,,,,
2021-02-01 03:30:46 IST,14.93,78.48,,,,
2021-02-01 03:41:25 IST,14.74,79.64,,,,
2021-02-01 03:52:05 IST,14.6,80.05,,,,
2021-02-01 04:02:44 IST,14.38,81.03,,,,
2021-02-01 04:13:24 IST,14.39,80.59,,,,
2021-02-01 04:24:03 IST,14.36,80.76,,,,
2021-02-01 04:34:42 IST,14.37,79.68,,,,
2021-02-01 04:45:22 IST,14.34,80.03,,,,
2021-02-01 04:56:01 IST,14.24,80.56,,,,
2021-02-01 05:06:41 IST,14.09,81.01,,,,
2021-02-01 05:17:20 IST,14.09,80.55,,,,
2021-02-01 05:28:00 IST,14.34,79.44,,,,
2021-02-01 05:38:39 IST,14.8,76.27,,,,
2021-02-01 05:49:19 IST,15.05,74.62,,,,
2021-02-01 05:59:59 IST,15.01,75.05,,,,
2021-02-01 06:10:37 IST,15.02,75.23,,,,
2021-02-01 06:21:17 IST,14.99,74.42,,,,
2021-02-01 06:31:56 IST,15.06,73.87,,,,
2021-02-01 06:42:36 IST,15.13,73.65,,,,
2021-02-01 06:53:15 IST,15.12,73.65,,,,
2021-02-01 07:03:55 IST,15.09,73.84,,,,
2021-02-01 07:14:34 IST,15.15,73.52,,,,
2021-02-01 07:26:08 IST,14.79,74.42,,,,
2021-02-01 07:36:47 IST,15.65,72.04,,,,
2021-02-01 07:47:27 IST,16.02,71.05,,,,
2021-02-01 07:58:06 IST,16.55,68.95,,,,
2021-02-01 08:08:45 IST,17.12,67.11,,,,
2021-02-01 08:19:25 IST,17.75,64.61,,,,
2021-02-01 08:30:04 IST,17.58,62.55,,,,
2021-02-01 10:30:08 IST,30.01,41.37,,,,
2021-02-01 11:52:51 IST,35.1,32.32,,,,
2021-02-01 12:04:44 IST,30.02,37.73,,,,
2021-02-01 14:34:00 IST,35.34,28.2,,,,
2021-02-01 14:38:25 IST,31.07,33.79,,,,
2021-02-01 15:01:15 IST,30.03,37.06,,,,
2021-02-01 15:53:28 IST,31.64,36.61,,,,
2021-02-01 16:12:01 IST,30.98,36.93,,,,
2021-02-01 18:37:07 IST,21.65,60.52,,,,
2021-02-01 18:47:46 IST,21.86,60.21,,,,
2021-02-01 18:58:26 IST,21.52,62.27,,,,
2021-02-01 19:12:21 IST,21.35,63.54,,,,
2021-02-01 19:22:57 IST,21.2,64.01,,,,
2021-02-01 20:05:06 IST,19.96,68.5,,,,
2021-02-01 20:22:10 IST,18.95,71.35,,,,
2021-02-01 20:47:47 IST,19.72,64.78,,,,
2021-02-01 20:58:27 IST,20.35,62.05,,,,
2021-02-01 21:24:49 IST,19.34,62.9,,,,
2021-02-01 21:35:26 IST,19.62,63.28,,,,
2021-02-01 21:46:05 IST,19.12,65.86,,,,
2021-02-02 08:26:32 IST,15.24,74.13,,,,
2021-02-02 08:37:11 IST,16.18,69.63,,,,
2021-02-02 08:42:05 IST,15.99,66.98,,,,
2021-02-02 08:52:45 IST,17.8,62.92,,,,
2021-02-02 10:18:54 IST,30.01,37.7,,,,
2021-02-02 10:40:22 IST,30.02,34.75,,,,
2021-02-02 10:56:55 IST,30.01,34.7,,,,
2021-02-02 11:11:55 IST,30.01,33.65,,,,
2021-02-02 11:26:09 IST,30.01,32.82,,,,
2021-02-02 11:39:25 IST,30.03,34.59,,,,
2021-02-02 11:52:14 IST,30.02,35.03,,,,
2021-02-02 12:04:57 IST,30.03,35.01,,,,
2021-02-02 12:31:48 IST,37.46,27.25,,,,
2021-02-02 12:55:16 IST,30.04,35.36,,,,
2021-02-02 13:06:39 IST,30.01,31.32,,,,
2021-02-02 13:18:17 IST,30.02,29.58,,,,
2021-02-02 13:28:57 IST,30.3,31.36,,,,
2021-02-02 13:40:17 IST,30.03,30.22,,,,
2021-02-02 13:56:15 IST,30.47,31.11,,,,
2021-02-02 14:06:58 IST,30.01,31.09,,,,
2021-02-02 14:17:37 IST,30.19,29.13,,,,
2021-02-02 14:29:05 IST,30.01,28.5,,,,
2021-02-02 14:40:29 IST,30.01,28.53,,,,
2021-02-02 14:52:52 IST,30.02,30.81,,,,
2021-02-02 15:04:30 IST,30.02,28.59,,,,
2021-02-02 15:17:02 IST,30.02,32.38,,,,
2021-02-02 15:30:35 IST,30.02,33.73,,,,
2021-02-02 15:44:35 IST,30.02,32.77,,,,
2021-02-02 20:33:42 IST,17.54,62.26,,,,
2021-02-02 20:44:22 IST,17.46,62,,,,
2021-02-02 20:55:01 IST,16.94,68.06,,,,
2021-02-02 21:05:40 IST,16.61,69.86,,,,
2021-02-02 21:16:20 IST,16.68,67.7,,,,
2021-02-02 21:26:59 IST,16.48,68.48,,,,
2021-02-02 21:37:38 IST,16.3,68.59,,,,
2021-02-02 21:48:18 IST,16.33,66.14,,,,
2021-02-02 21:58:57 IST,16.26,65.07,,,,
2021-02-02 22:09:37 IST,15.9,67.28,,,,
2021-02-02 22:20:16 IST,15.64,68.23,,,,
2021-02-02 22:30:56 IST,15.73,65.36,,,,
2021-02-02 22:41:36 IST,15.82,62.63,,,,
2021-02-03 01:06:49 IST,14.83,60.06,,,,
2021-02-03 01:18:23 IST,14.5,60,,,,
2021-02-03 01:29:03 IST,13.97,65.78,,,,
2021-02-03 01:39:42 IST,13.55,69.71,,,,
2021-02-03 01:50:21 IST,13.27,71.08,,,,
2021-02-03 02:01:01 IST,13.02,72.85,,,,
2021-02-03 02:11:41 IST,13.01,69.68,,,,
2021-02-03 02:22:20 IST,13.04,70.08,,,,
2021-02-03 02:32:59 IST,12.93,70.15,,,,
2021-02-03 02:43:39 IST,13.02,68.24,,,,
2021-02-03 02:54:18 IST,13.01,69.25,,,,
2021-02-03 03:04:58 IST,12.61,72.61,,,,
2021-02-03 03:15:38 IST,12.2,74.96,,,,
2021-02-03 03:26:17 IST,12.24,71.57,,,,
2021-02-03 03:36:56 IST,12.35,70.64,,,,
2021-02-03 03:47:36 IST,12.24,72.19,,,,
2021-02-03 03:58:15 IST,12.11,70.33,,,,
2021-02-03 04:08:54 IST,12.09,70.4,,,,
2021-02-03 04:19:34 IST,12.15,70.79,,,,
2021-02-03 04:30:13 IST,12.08,70.61,,,,
2021-02-03 04:40:53 IST,11.73,73.15,,,,
2021-02-03 04:51:32 IST,11.81,70.65,,,,
2021-02-03 05:02:11 IST,11.94,70,,,,
2021-02-03 05:12:51 IST,11.86,70.76,,,,
2021-02-03 05:23:31 IST,11.83,70.96,,,,
2021-02-03 05:34:11 IST,11.69,73.34,,,,
2021-02-03 05:44:50 IST,11.76,72.13,,,,
2021-02-03 05:55:29 IST,11.85,71.51,,,,
2021-02-03 06:06:08 IST,11.98,69.85,,,,
2021-02-03 06:16:48 IST,12.01,70.34,,,,
2021-02-03 06:27:27 IST,11.95,70.33,,,,
2021-02-03 06:38:07 IST,11.87,70.54,,,,
2021-02-03 06:48:46 IST,11.82,71.21,,,,
2021-02-03 06:59:26 IST,11.65,71.67,,,,
2021-02-03 07:10:05 IST,11.79,71.7,,,,
2021-02-03 07:20:44 IST,12.11,68.47,,,,
2021-02-03 07:31:24 IST,12.45,66.56,,,,
2021-02-03 07:42:03 IST,12.82,67.66,,,,
2021-02-03 07:52:43 IST,13.13,69.09,,,,
2021-02-03 08:03:22 IST,13.65,68.99,,,,
2021-02-03 08:14:02 IST,14.37,67.23,,,,
2021-02-03 08:24:41 IST,15.28,65.27,,,,
2021-02-03 08:35:21 IST,16.25,62.87,,,,
2021-02-03 10:16:13 IST,30.01,30.25,,,,
2021-02-03 10:33:02 IST,30.01,24.49,,,,
2021-02-03 10:46:49 IST,30.02,24.03,,,,
2021-02-03 10:58:42 IST,30.03,20.3,,,,
2021-02-03 11:03:33 IST,30.01,20.51,,,,
2021-02-03 11:14:13 IST,30.24,18.4,,,,
2021-02-03 11:24:52 IST,30.85,17.66,,,,
2021-02-03 11:35:32 IST,31.24,17.91,,,,
2021-02-03 11:46:11 IST,31.85,17.11,,,,
2021-02-03 11:57:52 IST,30.02,28.5,,,,
2021-02-03 12:10:22 IST,30.02,31.5,,,,
2021-02-03 12:22:36 IST,30.02,31.31,,,,
2021-02-03 12:34:10 IST,30.01,28.91,,,,
2021-02-03 12:45:40 IST,30.01,27.8,,,,
2021-02-03 12:56:49 IST,30.03,27.3,,,,
2021-02-03 13:08:26 IST,30.02,27.63,,,,
2021-02-03 13:19:58 IST,30.02,27.58,,,,
2021-02-03 13:31:27 IST,30.05,26.96,,,,
2021-02-03 13:42:07 IST,30.06,26.11,,,,
2021-02-03 13:53:07 IST,30.01,26.92,,,,
2021-02-03 14:04:48 IST,30.02,26.93,,,,
2021-02-03 14:17:06 IST,30.01,28.54,,,,
2021-02-03 14:29:24 IST,30.01,27.15,,,,
2021-02-03 14:42:13 IST,30.02,26.34,,,,
2021-02-03 14:55:23 IST,30.03,30.33,,,,
2021-02-03 15:09:23 IST,30.02,30.11,,,,
2021-02-03 15:24:17 IST,30.02,30.24,,,,
2021-02-03 15:39:56 IST,30.01,34.01,,,,
2021-02-03 15:56:39 IST,30.02,28.61,,,,
2021-02-03 16:15:43 IST,30.01,26.24,,,,
2021-02-03 19:18:24 IST,17.93,60.01,,,,
2021-02-03 19:29:03 IST,17.68,61.54,,,,
2021-02-03 19:39:45 IST,17.39,61.5,,,,
2021-02-03 19:50:23 IST,16.85,64.76,,,,
2021-02-03 20:01:02 IST,16.37,67.81,,,,
2021-02-03 20:11:41 IST,16.14,69.01,,,,
2021-02-03 20:22:20 IST,15.97,68.35,,,,
2021-02-03 20:33:00 IST,16.07,66.57,,,,
2021-02-03 20:33:45 IST,15.93,66.65,,,,
2021-02-03 20:44:25 IST,15.74,68.2,,,,
2021-02-03 20:55:04 IST,15.55,67.56,,,,
2021-02-03 21:05:44 IST,15.43,67.41,,,,
2021-02-03 21:16:23 IST,15.32,68.34,,,,
2021-02-03 21:27:03 IST,15.16,67.79,,,,
2021-02-03 21:37:42 IST,15.25,64.15,,,,
2021-02-03 21:48:21 IST,15.19,65.07,,,,
2021-02-03 21:59:01 IST,15.02,65.96,,,,
2021-02-03 22:09:40 IST,14.77,65.07,,,,
2021-02-03 22:20:20 IST,14.55,65.1,,,,
2021-02-03 22:30:59 IST,14.73,63.57,,,,
2021-02-03 22:41:39 IST,14.81,62.02,,,,
2021-02-03 23:05:19 IST,15.09,60.09,,,,
2021-02-03 23:15:58 IST,14.38,63.69,,,,
2021-02-03 23:26:38 IST,14.31,65.01,,,,
2021-02-03 23:37:17 IST,14.38,61.98,,,,
2021-02-03 23:47:56 IST,14.12,66.21,,,,
2021-02-03 23:58:36 IST,14.05,66.75,,,,
2021-02-04 00:09:15 IST,14.05,67.19,,,,
2021-02-04 00:19:55 IST,14.09,66.15,,,,
2021-02-04 00:30:34 IST,13.83,66.25,,,,
2021-02-04 00:41:14 IST,13.45,69.58,,,,
2021-02-04 00:51:53 IST,13.17,69.71,,,,
2021-02-04 01:02:33 IST,13.32,66.97,,,,
2021-02-04 01:13:12 IST,13.23,68.79,,,,
2021-02-04 01:23:51 IST,13.12,68.93,,,,
2021-02-04 01:34:31 IST,13.07,66.16,,,,
2021-02-04 01:45:10 IST,13.13,67.91,,,,
2021-02-04 01:55:50 IST,13,68.89,,,,
2021-02-04 02:06:29 IST,12.72,69.52,,,,
2021-02-04 02:17:09 IST,12.82,68.37,,,,
2021-02-04 02:27:48 IST,12.73,69.21,,,,
2021-02-04 02:38:28 IST,12.48,70.58,,,,
2021-02-04 02:49:07 IST,12.31,72.19,,,,
2021-02-04 02:59:46 IST,12.23,72.63,,,,
2021-02-04 03:10:26 IST,12.27,71.15,,,,
2021-02-04 03:21:05 IST,12.33,70.85,,,,
2021-02-04 03:31:45 IST,12.27,70.52,,,,
2021-02-04 03:42:24 IST,12.05,72.7,,,,
2021-02-04 03:53:04 IST,11.88,73.87,,,,
2021-02-04 04:03:43 IST,11.83,74.26,,,,
2021-02-04 04:14:23 IST,11.68,74.17,,,,
2021-02-04 04:25:02 IST,11.74,70.91,,,,
2021-02-04 04:35:41 IST,11.65,72.28,,,,
2021-02-04 04:46:21 IST,11.64,67.77,,,,
2021-02-04 04:57:00 IST,11.85,67.02,,,,
2021-02-04 05:07:40 IST,11.73,67.33,,,,
2021-02-04 05:18:20 IST,11.65,66.98,,,,
2021-02-04 05:28:59 IST,11.61,65.95,,,,
2021-02-04 05:39:38 IST,11.5,69.26,,,,
2021-02-04 05:50:18 IST,11.24,70.33,,,,
2021-02-04 06:00:57 IST,11.29,66.51,,,,
2021-02-04 06:11:36 IST,11.4,64.89,,,,
2021-02-04 06:22:16 IST,11.47,64.75,,,,
2021-02-04 06:43:35 IST,11.04,70.38,,,,
2021-02-04 06:54:14 IST,10.98,70.44,,,,
2021-02-04 07:04:54 IST,11.13,65.97,,,,
2021-02-04 07:15:33 IST,11.31,64.9,,,,
2021-02-04 07:26:12 IST,11.65,63.57,,,,
2021-02-04 07:36:52 IST,12.33,60.51,,,,
2021-02-04 08:00:01 IST,13.52,60.01,,,,
2021-02-04 08:10:40 IST,14.02,60.62,,,,
2021-02-04 10:33:45 IST,30.01,36.47,,,,
2021-02-04 10:53:10 IST,30.01,37.21,,,,
2021-02-04 11:08:59 IST,30.03,35.64,,,,
2021-02-04 11:23:52 IST,30.01,35.52,,,,
2021-02-04 11:38:19 IST,30.03,36.58,,,,
2021-02-04 11:51:53 IST,30.02,35.47,,,,
2021-02-04 12:04:46 IST,30.01,34.67,,,,
2021-02-04 12:17:37 IST,30.01,33.33,,,,
2021-02-04 12:29:18 IST,30.04,32.17,,,,
2021-02-04 12:41:12 IST,30.03,33.73,,,,
2021-02-04 12:52:19 IST,30.02,31.75,,,,
2021-02-04 13:03:56 IST,30.02,29.46,,,,
2021-02-04 13:14:36 IST,30.11,30.03,,,,
2021-02-04 13:26:00 IST,30.02,29.98,,,,
2021-02-04 13:39:51 IST,30.01,32.75,,,,
2021-02-04 13:50:49 IST,30.01,28.64,,,,
2021-02-04 14:02:18 IST,30.03,29.92,,,,
2021-02-04 14:13:56 IST,30.01,28.87,,,,
2021-02-04 14:25:47 IST,30.03,29.13,,,,
2021-02-04 14:37:26 IST,30.01,29.34,,,,
2021-02-04 14:49:47 IST,30.04,30.45,,,,
2021-02-04 15:02:16 IST,30.03,28.79,,,,
2021-02-04 15:16:07 IST,30.02,27.57,,,,
2021-02-04 15:32:25 IST,30.03,36.54,,,,
2021-02-04 15:48:08 IST,30.02,29.62,,,,
2021-02-04 16:04:57 IST,30.03,30.11,,,,
2021-02-04 16:23:53 IST,30.02,28.98,,,,
2021-02-04 19:43:48 IST,18.06,60.02,,,,
2021-02-04 19:54:25 IST,17.74,62.42,,,,
2021-02-04 20:05:04 IST,17.66,61.32,,,,
2021-02-04 20:15:44 IST,17.51,62.94,,,,
2021-02-04 20:26:29 IST,17.68,60,,,,
2021-02-04 21:17:47 IST,17.34,60,,,,
2021-02-04 21:28:26 IST,17.04,61.6,,,,
2021-02-04 21:39:05 IST,16.87,62.22,,,,
2021-02-04 21:49:45 IST,16.77,61.45,,,,
2021-02-04 22:11:04 IST,16.38,63.15,,,,
2021-02-04 22:21:43 IST,16.2,63.68,,,,
2021-02-04 22:32:23 IST,16.15,64.07,,,,
2021-02-04 22:43:02 IST,15.84,66.29,,,,
2021-02-04 22:53:42 IST,15.7,65.89,,,,
2021-02-04 23:04:21 IST,15.6,66.25,,,,
2021-02-04 23:15:01 IST,15.57,65.67,,,,
2021-02-04 23:25:40 IST,15.51,65.96,,,,
2021-02-04 23:36:20 IST,15.39,66.09,,,,
2021-02-04 23:46:59 IST,15.24,67.97,,,,
2021-02-04 23:57:38 IST,15.2,68.61,,,,
2021-02-05 00:08:18 IST,15.15,68.21,,,,
2021-02-05 00:18:58 IST,15.03,68.5,,,,
2021-02-05 00:40:16 IST,14.89,70.63,,,,
2021-02-05 00:50:55 IST,14.87,68.64,,,,
2021-02-05 01:01:35 IST,14.72,70.16,,,,
2021-02-05 01:12:15 IST,14.54,70.34,,,,
2021-02-05 01:22:54 IST,14.31,71.59,,,,
2021-02-05 01:33:34 IST,14.06,73.76,,,,
2021-02-05 01:44:13 IST,14.12,72.26,,,,
2021-02-05 01:54:52 IST,14.12,72.37,,,,
2021-02-05 02:05:32 IST,14.05,72.43,,,,
2021-02-05 02:16:11 IST,14.15,72.85,,,,
2021-02-05 02:26:51 IST,14.17,73.3,,,,
2021-02-05 02:37:31 IST,14.17,72.32,,,,
2021-02-05 02:48:10 IST,14.07,72.82,,,,
2021-02-05 02:58:49 IST,13.99,74.14,,,,
2021-02-05 03:09:28 IST,13.88,73.92,,,,
2021-02-05 03:20:08 IST,13.86,74.66,,,,
2021-02-05 03:30:47 IST,13.64,75.55,,,,
2021-02-05 03:41:27 IST,13.41,76.44,,,,
2021-02-05 03:52:06 IST,13.35,76.33,,,,
2021-02-05 04:02:46 IST,13.39,75.9,,,,
2021-02-05 04:13:25 IST,13.41,74.98,,,,
2021-02-05 04:24:04 IST,13.44,75.01,,,,
2021-02-05 04:34:44 IST,13.36,74.93,,,,
2021-02-05 04:45:23 IST,13.41,73.52,,,,
2021-02-05 04:56:03 IST,13.65,72.23,,,,
2021-02-05 05:06:43 IST,13.7,70.91,,,,
2021-02-05 05:17:22 IST,13.31,74.59,,,,
2021-02-05 05:28:01 IST,13,76.05,,,,
2021-02-05 05:38:41 IST,12.71,77.59,,,,
2021-02-05 05:49:20 IST,12.51,77.75,,,,
2021-02-05 06:00:00 IST,12.45,78.53,,,,
2021-02-05 06:10:39 IST,12.33,79.11,,,,
2021-02-05 06:21:18 IST,12.29,78.43,,,,
2021-02-05 06:31:58 IST,12.38,77.47,,,,
2021-02-05 06:42:37 IST,12.41,77.76,,,,
2021-02-05 06:53:17 IST,12.46,77.77,,,,
2021-02-05 07:03:56 IST,12.51,78.52,,,,
2021-02-05 07:14:36 IST,12.7,76.85,,,,
2021-02-05 07:25:16 IST,13.45,75.38,,,,
2021-02-05 07:35:55 IST,13.82,75.54,,,,
2021-02-05 07:46:34 IST,13.98,76.31,,,,
2021-02-05 07:57:13 IST,13.98,75.91,,,,
2021-02-05 08:07:53 IST,14.55,75.67,,,,
2021-02-05 08:18:33 IST,15.25,74.13,,,,
2021-02-05 08:29:12 IST,15.69,70.33,,,,
2021-02-05 08:39:51 IST,16.39,66.45,,,,
2021-02-05 08:50:31 IST,18.08,60.26,,,,
2021-02-05 10:24:17 IST,30.01,37.6,,,,
2021-02-05 10:44:40 IST,30.02,32.09,,,,
2021-02-05 11:00:23 IST,30.02,31.58,,,,
2021-02-05 11:15:39 IST,30.01,29,,,,
2021-02-05 11:29:48 IST,30.01,30.34,,,,
2021-02-05 11:42:48 IST,30.01,29.6,,,,
2021-02-05 11:54:37 IST,30.02,25.75,,,,
2021-02-05 12:07:25 IST,30.02,29.71,,,,
2021-02-05 12:18:44 IST,30.03,25.72,,,,
2021-02-05 12:29:42 IST,30.06,24.88,,,,
2021-02-05 12:53:32 IST,30.01,30.62,,,,
2021-02-05 13:04:28 IST,30.04,25.34,,,,
2021-02-05 13:15:08 IST,31.08,23.13,,,,
2021-02-05 13:25:46 IST,32.18,21.99,,,,
2021-02-05 13:36:26 IST,32.37,20.44,,,,
2021-02-05 13:47:05 IST,32.89,19.93,,,,
2021-02-05 13:57:45 IST,33.67,19.1,,,,
2021-02-05 14:08:24 IST,33.53,17.77,,,,
2021-02-05 14:19:03 IST,33.81,17.13,,,,
2021-02-05 14:28:50 IST,33.33,17.98,,,,
2021-02-05 14:39:30 IST,31.47,22.19,,,,
2021-02-05 14:50:10 IST,32.08,19.96,,,,
2021-02-05 15:01:50 IST,30.01,30.77,,,,
2021-02-05 15:15:23 IST,30.03,32.77,,,,
2021-02-05 15:29:17 IST,30.03,32.84,,,,
2021-02-05 15:44:52 IST,30.01,36.9,,,,
2021-02-05 16:04:05 IST,30.02,34.95,,,,
2021-02-05 16:25:34 IST,30.01,34.81,,,,
2021-02-05 18:58:02 IST,20.22,60.05,,,,
2021-02-05 19:08:42 IST,19.79,61.93,,,,
2021-02-05 19:19:21 IST,19.42,62.76,,,,
2021-02-05 19:30:01 IST,19.09,64.22,,,,
2021-02-05 19:40:40 IST,18.72,64.66,,,,
2021-02-05 19:51:20 IST,18.59,65.44,,,,
2021-02-05 20:02:03 IST,18.4,65.78,,,,
2021-02-05 20:12:38 IST,18.42,65.27,,,,
2021-02-05 20:44:37 IST,17.72,62.4,,,,
2021-02-05 20:55:16 IST,17.7,63.03,,,,
2021-02-05 21:05:55 IST,17.62,63.46,,,,
2021-02-05 21:16:35 IST,17.46,64.69,,,,
2021-02-05 21:27:14 IST,17.14,66.22,,,,
2021-02-05 21:37:54 IST,17.19,66.07,,,,
2021-02-05 21:48:33 IST,16.91,64.98,,,,
2021-02-05 21:59:13 IST,16.76,65.52,,,,
2021-02-05 22:09:52 IST,16.48,67.45,,,,
2021-02-05 22:20:32 IST,15.98,69.31,,,,
2021-02-05 22:31:11 IST,15.84,69.02,,,,
2021-02-05 22:41:50 IST,15.8,69.74,,,,
2021-02-05 22:52:30 IST,15.73,68.54,,,,
2021-02-05 23:03:09 IST,15.78,67.09,,,,
2021-02-05 23:13:49 IST,15.73,68.03,,,,
2021-02-05 23:24:28 IST,15.76,68.65,,,,
2021-02-05 23:35:08 IST,15.73,68.1,,,,
2021-02-05 23:45:47 IST,15.68,67.43,,,,
2021-02-05 23:56:27 IST,15.53,68.13,,,,
2021-02-06 00:07:06 IST,15.39,68.17,,,,
2021-02-06 00:17:45 IST,15.05,69.8,,,,
2021-02-06 00:28:25 IST,14.8,70.2,,,,
2021-02-06 00:39:04 IST,14.5,71.12,,,,
2021-02-06 00:49:44 IST,14.29,73.33,,,,
2021-02-06 01:00:23 IST,14.11,74.28,,,,
2021-02-06 01:11:02 IST,14.05,73.39,,,,
2021-02-06 01:21:42 IST,14.11,72.96,,,,
2021-02-06 01:32:21 IST,14.08,73.47,,,,
2021-02-06 01:43:01 IST,14.06,73.61,,,,
2021-02-06 01:53:40 IST,14.11,72.22,,,,
2021-02-06 02:04:20 IST,14,72.38,,,,
2021-02-06 02:14:59 IST,13.72,73.27,,,,
2021-02-06 02:25:39 IST,13.68,72.89,,,,
2021-02-06 02:36:18 IST,13.9,71.46,,,,
2021-02-06 02:46:58 IST,14.05,69.75,,,,
2021-02-06 02:57:37 IST,14.12,69.51,,,,
2021-02-06 03:08:17 IST,13.99,70.33,,,,
2021-02-06 03:18:56 IST,14.27,68.87,,,,
2021-02-06 03:29:35 IST,14.5,66.88,,,,
2021-02-06 03:40:15 IST,14.71,65.21,,,,
2021-02-06 03:50:54 IST,14.85,63.27,,,,
2021-02-06 04:01:34 IST,14.82,63.27,,,,
2021-02-06 04:12:13 IST,14.87,62,,,,
2021-02-06 04:22:53 IST,14.94,61.94,,,,
2021-02-06 04:33:32 IST,14.95,62.06,,,,
2021-02-06 04:44:11 IST,15.06,61.5,,,,
2021-02-06 04:56:56 IST,15.14,60.02,,,,
2021-02-06 05:37:50 IST,14.99,60.02,,,,
2021-02-06 06:31:35 IST,14.77,60.18,,,,
2021-02-06 10:53:55 IST,30.01,38.05,,,,
2021-02-06 11:12:37 IST,30.04,36.29,,,,
2021-02-06 11:28:04 IST,30.01,33.54,,,,
2021-02-06 11:42:05 IST,30.02,30.03,,,,
2021-02-06 11:53:56 IST,30.01,27.4,,,,
2021-02-06 12:04:36 IST,30.05,26.25,,,,
2021-02-06 12:15:15 IST,30.62,25.35,,,,
2021-02-06 12:25:55 IST,31.12,24.03,,,,
2021-02-06 12:36:34 IST,31.64,23.35,,,,
2021-02-06 12:47:13 IST,31.85,22.57,,,,
2021-02-06 12:57:53 IST,31.98,21.23,,,,
2021-02-06 13:08:33 IST,32.6,21.23,,,,
2021-02-06 13:30:18 IST,33.1,19.48,,,,
2021-02-06 13:51:37 IST,33.47,19.41,,,,
2021-02-06 14:11:09 IST,33.53,18.97,,,,
2021-02-06 14:21:48 IST,33.52,19.81,,,,
2021-02-06 14:32:27 IST,33.52,18.77,,,,
2021-02-06 14:43:07 IST,32.99,18.6,,,,
2021-02-06 14:53:46 IST,32.96,19.49,,,,
2021-02-06 15:04:26 IST,32.58,19.08,,,,
2021-02-06 15:15:05 IST,32.29,19.61,,,,
2021-02-06 15:25:45 IST,31.69,20.79,,,,
2021-02-06 15:36:24 IST,31.77,19.53,,,,
2021-02-06 15:47:03 IST,32.02,21.24,,,,
2021-02-06 15:57:43 IST,31.44,21.68,,,,
2021-02-06 16:08:23 IST,31.52,21.76,,,,
2021-02-06 16:19:02 IST,30.98,22.04,,,,
2021-02-06 16:29:41 IST,30.28,22.63,,,,
2021-02-06 16:40:27 IST,30.01,22.62,,,,
2021-02-06 16:53:17 IST,30.01,23.88,,,,
2021-02-07 04:01:32 IST,13.68,60,,,,
2021-02-07 04:12:11 IST,13.32,61.21,,,,
2021-02-07 04:22:50 IST,12.9,65.05,,,,
2021-02-07 04:33:30 IST,12.4,67.33,,,,
2021-02-07 04:44:09 IST,12.19,67.02,,,,
2021-02-07 04:54:49 IST,12.13,67.01,,,,
2021-02-07 05:05:28 IST,11.88,69.18,,,,
2021-02-07 05:16:08 IST,11.77,68.42,,,,
2021-02-07 05:26:47 IST,11.83,69.11,,,,
2021-02-07 05:37:27 IST,11.7,69.59,,,,
2021-02-07 05:48:06 IST,11.73,68.8,,,,
2021-02-07 05:58:45 IST,11.61,70,,,,
2021-02-07 06:09:25 IST,11.32,71.87,,,,
2021-02-07 06:20:04 IST,11.18,72.96,,,,
2021-02-07 06:30:44 IST,10.92,74.12,,,,
2021-02-07 06:41:23 IST,10.81,73.33,,,,
2021-02-07 06:52:03 IST,10.92,72.31,,,,
2021-02-07 07:02:42 IST,10.98,71.57,,,,
2021-02-07 07:13:22 IST,11.06,72.21,,,,
2021-02-07 07:24:01 IST,10.84,73.87,,,,
2021-02-07 07:34:41 IST,10.92,74.61,,,,
2021-02-07 07:45:20 IST,11.52,73.5,,,,
2021-02-07 07:55:59 IST,12.27,70.53,,,,
2021-02-07 08:06:39 IST,13.14,68.65,,,,
2021-02-07 08:17:18 IST,13.89,68.88,,,,
2021-02-07 08:27:58 IST,15.29,62.13,,,,
2021-02-07 10:30:55 IST,30.01,28.68,,,,
2021-02-07 10:49:41 IST,30.02,26.06,,,,
2021-02-07 11:04:47 IST,30.03,23.44,,,,
2021-02-07 11:18:34 IST,30.03,22.48,,,,
2021-02-07 11:31:16 IST,30.01,20.8,,,,
2021-02-07 11:43:07 IST,30.04,20.64,,,,
2021-02-07 11:54:16 IST,30.01,20.6,,,,
2021-02-07 12:05:20 IST,30.03,18.79,,,,
2021-02-07 12:16:00 IST,30.52,19.57,,,,
2021-02-07 12:26:39 IST,31.11,18.46,,,,
2021-02-07 12:47:58 IST,31.64,18,,,,
2021-02-07 12:58:38 IST,31.75,18.01,,,,
2021-02-07 13:09:18 IST,32.41,18.52,,,,
2021-02-07 13:19:57 IST,32.76,16.66,,,,
2021-02-07 13:30:36 IST,32.64,17.98,,,,
2021-02-07 13:41:16 IST,33.69,15.8,,,,
2021-02-07 13:51:56 IST,32.8,16.3,,,,
2021-02-07 14:02:35 IST,33.47,17.78,,,,
2021-02-07 14:13:15 IST,33.35,16.02,,,,
2021-02-07 14:23:54 IST,33.83,15.83,,,,
2021-02-07 14:34:33 IST,33.19,16.54,,,,
2021-02-07 14:45:13 IST,32.89,16.75,,,,
2021-02-07 14:55:52 IST,32.54,16.82,,,,
2021-02-07 15:06:31 IST,32.39,18.2,,,,
2021-02-07 15:17:11 IST,32.09,17.8,,,,
2021-02-07 15:27:51 IST,31.31,18.23,,,,
2021-02-07 15:38:30 IST,31.67,18.59,,,,
2021-02-07 15:49:09 IST,31.73,19.39,,,,
2021-02-07 15:59:48 IST,31.45,19.1,,,,
2021-02-07 16:10:29 IST,30.91,18.83,,,,
2021-02-07 16:21:08 IST,30.57,18.75,,,,
2021-02-07 16:31:47 IST,30.45,17.85,,,,
2021-02-07 16:42:26 IST,30.11,17.61,,,,
2021-02-07 16:54:38 IST,30.01,19.54,,,,
2021-02-08 03:48:38 IST,13.21,60.01,,,,
2021-02-08 04:23:06 IST,12.95,60.02,,,,
2021-02-08 04:33:46 IST,12.79,60.62,,,,
2021-02-08 04:44:25 IST,12.6,61.07,,,,
2021-02-08 04:55:05 IST,12.35,61.81,,,,
2021-02-08 05:05:44 IST,12.03,62.96,,,,
2021-02-08 05:16:24 IST,11.84,63.52,,,,
2021-02-08 05:27:03 IST,11.71,65.92,,,,
2021-02-08 05:37:43 IST,11.46,67.16,,,,
2021-02-08 05:48:22 IST,11.29,68.09,,,,
2021-02-08 05:59:02 IST,11.1,67.79,,,,
2021-02-08 06:09:41 IST,11.18,67.9,,,,
2021-02-08 06:20:20 IST,10.99,68.66,,,,
2021-02-08 06:31:00 IST,10.61,71.23,,,,
2021-02-08 06:41:40 IST,10.35,71.78,,,,
2021-02-08 06:52:19 IST,10.47,69.74,,,,
2021-02-08 07:02:58 IST,10.58,68.22,,,,
2021-02-08 07:13:38 IST,10.66,68.37,,,,
2021-02-08 07:24:17 IST,10.77,67.9,,,,
2021-02-08 07:34:57 IST,11.2,66.71,,,,
2021-02-08 07:45:36 IST,11.67,64.38,,,,
2021-02-08 07:56:16 IST,12.48,62.23,,,,
2021-02-08 08:06:54 IST,13.38,60.98,,,,
2021-02-08 10:18:03 IST,30.03,26.9,,,,
2021-02-08 10:35:25 IST,30.02,22.36,,,,
2021-02-08 10:49:27 IST,30.02,22.2,,,,
2021-02-08 11:05:01 IST,30.04,26.56,,,,
2021-02-08 11:20:01 IST,30.02,26.78,,,,
2021-02-08 11:33:51 IST,30.05,26.44,,,,
2021-02-08 11:45:51 IST,30.02,22.4,,,,
2021-02-08 11:57:15 IST,30.02,20.88,,,,
2021-02-08 12:07:55 IST,30.36,19.99,,,,
2021-02-08 12:18:34 IST,31.26,18.12,,,,
2021-02-08 12:29:14 IST,31.67,17.48,,,,
2021-02-08 12:39:53 IST,32.38,15.67,,,,
2021-02-08 12:50:32 IST,32.69,15.52,,,,
2021-02-08 13:02:10 IST,30.03,27.24,,,,
2021-02-08 13:13:54 IST,30.03,28.82,,,,
2021-02-08 13:25:21 IST,30.02,27.3,,,,
2021-02-08 13:36:00 IST,30.19,26.43,,,,
2021-02-08 13:46:40 IST,30.25,25.7,,,,
2021-02-08 13:57:19 IST,30.4,24.16,,,,
2021-02-08 14:07:59 IST,30.45,25.43,,,,
2021-02-08 14:18:38 IST,30.07,25.77,,,,
2021-02-08 14:29:58 IST,30.02,26.44,,,,
2021-02-08 14:42:08 IST,30.02,26.13,,,,
2021-02-08 14:54:10 IST,30.03,28.41,,,,
2021-02-08 15:06:23 IST,30.01,27.48,,,,
2021-02-08 15:18:22 IST,30.02,22.89,,,,
2021-02-08 15:29:02 IST,30.72,16.91,,,,
2021-02-08 15:39:41 IST,31.57,16.56,,,,
2021-02-08 15:50:20 IST,31.7,16.61,,,,
2021-02-08 16:01:00 IST,32.04,17.31,,,,
2021-02-08 16:16:05 IST,30.03,26.39,,,,
2021-02-08 16:35:23 IST,30.02,26.92,,,,
2021-02-08 20:38:29 IST,16.68,60.02,,,,
2021-02-08 22:57:36 IST,14.11,60.02,,,,
2021-02-08 23:08:16 IST,13.84,62.97,,,,
2021-02-08 23:18:55 IST,13.58,64.68,,,,
2021-02-08 23:29:35 IST,13.63,65.27,,,,
2021-02-08 23:40:14 IST,13.49,65.37,,,,
2021-02-08 23:50:53 IST,13.07,68.79,,,,
2021-02-09 00:01:33 IST,12.84,68.82,,,,
2021-02-09 00:12:13 IST,12.65,70.83,,,,
2021-02-09 00:22:52 IST,12.55,71.77,,,,
2021-02-09 00:33:31 IST,12.59,69.62,,,,
2021-02-09 00:44:11 IST,12.56,68.76,,,,
2021-02-09 00:54:51 IST,12.4,68.67,,,,
2021-02-09 01:05:30 IST,12.37,68.31,,,,
2021-02-09 01:16:09 IST,11.95,71.76,,,,
2021-02-09 01:26:49 IST,11.78,73.18,,,,
2021-02-09 01:37:28 IST,11.93,71.61,,,,
2021-02-09 01:48:07 IST,11.96,69.25,,,,
2021-02-09 01:58:47 IST,11.67,70.39,,,,
2021-02-09 02:09:26 IST,11.58,71.18,,,,
2021-02-09 02:20:06 IST,11.54,70.62,,,,
2021-02-09 02:30:45 IST,11.59,69.64,,,,
2021-02-09 02:41:25 IST,11.6,69.24,,,,
2021-02-09 02:52:04 IST,11.43,70.7,,,,
2021-02-09 03:02:44 IST,11.34,72.12,,,,
2021-02-09 03:13:23 IST,11.13,73.51,,,,
2021-02-09 03:24:02 IST,10.97,69.67,,,,
2021-02-09 03:34:42 IST,10.88,71.55,,,,
2021-02-09 03:45:21 IST,10.9,70.75,,,,
2021-02-09 03:56:01 IST,11.09,68.27,,,,
2021-02-09 04:06:40 IST,10.9,71.59,,,,
2021-02-09 04:17:20 IST,10.42,74.36,,,,
2021-02-09 04:27:59 IST,10.28,75.56,,,,
2021-02-09 04:38:39 IST,10.16,75.4,,,,
2021-02-09 04:49:18 IST,10.27,73.57,,,,
2021-02-09 04:59:58 IST,10.32,72.26,,,,
2021-02-09 05:10:37 IST,10.18,72.96,,,,
2021-02-09 05:21:16 IST,10.07,75.11,,,,
2021-02-09 05:31:56 IST,9.85,75.81,,,,
2021-02-09 05:42:35 IST,9.62,74.92,,,,
2021-02-09 05:53:15 IST,9.31,77.37,,,,
2021-02-09 06:03:54 IST,9.28,75.91,,,,
2021-02-09 06:14:34 IST,9.21,75.46,,,,
2021-02-09 06:25:13 IST,9.37,74.06,,,,
2021-02-09 06:35:52 IST,9.26,74.47,,,,
2021-02-09 06:46:32 IST,9.28,74.91,,,,
2021-02-09 06:57:11 IST,9.27,74.1,,,,
2021-02-09 07:07:51 IST,9.42,74.16,,,,
2021-02-09 07:18:31 IST,9.57,73.01,,,,
2021-02-09 07:29:10 IST,10.01,71.32,,,,
2021-02-09 07:39:49 IST,10.35,71.68,,,,
2021-02-09 07:50:29 IST,10.82,71.36,,,,
2021-02-09 08:01:08 IST,11.34,71.36,,,,
2021-02-09 08:11:48 IST,12.16,69.99,,,,
2021-02-09 08:22:27 IST,13.1,69.2,,,,
2021-02-09 08:33:07 IST,14.28,67.49,,,,
2021-02-09 08:43:46 IST,15.58,66.33,,,,
2021-02-09 10:22:29 IST,30.01,29.12,,,,
2021-02-09 10:42:38 IST,30.02,29.89,,,,
2021-02-09 10:59:34 IST,30.01,27.48,,,,
2021-02-09 11:14:54 IST,30.01,27.54,,,,
2021-02-09 11:29:55 IST,30.04,32.97,,,,
2021-02-09 11:43:19 IST,30.02,27.37,,,,
2021-02-09 11:56:39 IST,30.03,27.9,,,,
2021-02-09 12:09:50 IST,30.04,29.91,,,,
2021-02-09 12:21:19 IST,30.03,21.27,,,,
2021-02-09 12:33:00 IST,30.02,23.86,,,,
2021-02-09 12:44:27 IST,30.03,22.66,,,,
2021-02-09 12:55:23 IST,30.03,22.9,,,,
2021-02-09 13:06:03 IST,30.1,22.01,,,,
2021-02-09 13:16:42 IST,31.19,19.54,,,,
2021-02-09 13:27:22 IST,32.04,16.85,,,,
2021-02-09 13:38:01 IST,33.37,14.81,,,,
2021-02-09 13:48:40 IST,33.71,13.58,,,,
2021-02-09 13:59:20 IST,33.69,12.13,,,,
2021-02-09 14:09:59 IST,34.65,11.66,,,,
2021-02-09 14:20:39 IST,34.28,13.62,,,,
2021-02-09 14:31:18 IST,34.46,11.85,,,,
2021-02-09 14:41:58 IST,34.34,13.68,,,,
2021-02-09 14:52:37 IST,33.89,12.57,,,,
2021-02-09 15:03:17 IST,34.1,12.06,,,,
2021-02-09 15:13:56 IST,33.44,13.75,,,,
2021-02-09 15:24:35 IST,33.66,11.84,,,,
2021-02-09 15:35:15 IST,33.36,12.5,,,,
2021-02-09 15:45:54 IST,33.23,13.25,,,,
2021-02-09 15:56:34 IST,32.28,13.9,,,,
2021-02-09 16:07:13 IST,32.57,14.79,,,,
2021-02-09 16:17:53 IST,31.98,15.45,,,,
2021-02-09 16:28:32 IST,32.02,15.52,,,,
2021-02-09 16:39:11 IST,31.76,11.51,,,,
2021-02-09 16:49:51 IST,31.37,11.19,,,,
2021-02-09 17:00:31 IST,31.41,12.38,,,,
2021-02-09 17:11:10 IST,30.4,19.43,,,,
2021-02-10 00:11:08 IST,13.4,60.01,,,,
2021-02-10 00:21:48 IST,13.15,61.99,,,,
2021-02-10 00:32:27 IST,13.03,60.99,,,,
2021-02-10 01:24:32 IST,12.86,60.01,,,,
2021-02-10 01:35:11 IST,12.39,63.07,,,,
2021-02-10 01:45:50 IST,12.22,64.3,,,,
2021-02-10 01:56:30 IST,12.24,63.03,,,,
2021-02-10 02:07:09 IST,12.36,60.65,,,,
2021-02-10 02:26:20 IST,12.52,60.02,,,,
2021-02-10 02:36:59 IST,11.91,62.83,,,,
2021-02-10 02:47:39 IST,11.45,65.79,,,,
2021-02-10 02:58:18 IST,11.31,65.67,,,,
2021-02-10 03:08:57 IST,11.4,63.53,,,,
2021-02-10 03:19:37 IST,11.53,60.81,,,,
2021-02-10 03:30:16 IST,11.54,61.1,,,,
2021-02-10 03:40:56 IST,11.22,64.73,,,,
2021-02-10 03:51:36 IST,11.27,62.52,,,,
2021-02-10 04:02:15 IST,11.12,64.63,,,,
2021-02-10 04:12:54 IST,11.14,63.58,,,,
2021-02-10 04:23:34 IST,11.24,63.66,,,,
2021-02-10 04:44:53 IST,10.71,66.15,,,,
2021-02-10 04:55:32 IST,10.73,66.7,,,,
2021-02-10 05:06:11 IST,10.65,66.87,,,,
2021-02-10 05:16:51 IST,10.65,65.39,,,,
2021-02-10 05:27:30 IST,10.59,67.84,,,,
2021-02-10 05:38:10 IST,10.39,68.98,,,,
2021-02-10 05:48:49 IST,10.38,66.58,,,,
2021-02-10 05:59:29 IST,10.48,65.64,,,,
2021-02-10 06:10:08 IST,10.37,67.48,,,,
2021-02-10 06:20:48 IST,10.35,66.99,,,,
2021-02-10 06:31:27 IST,10.38,65.54,,,,
2021-02-10 06:42:06 IST,10.45,63.82,,,,
2021-02-10 06:52:46 IST,10.46,66.41,,,,
2021-02-10 07:03:25 IST,10.13,68.69,,,,
2021-02-10 07:14:05 IST,10.17,68.77,,,,
2021-02-10 07:24:44 IST,10.54,65.73,,,,
2021-02-10 07:35:24 IST,11.17,64.47,,,,
2021-02-10 07:46:03 IST,11.83,62.51,,,,
2021-02-10 08:06:17 IST,13.2,60.04,,,,
2021-02-10 10:00:05 IST,30.02,30.5,,,,
2021-02-10 10:15:57 IST,30.01,21.75,,,,
2021-02-10 10:29:13 IST,30.02,20.68,,,,
2021-02-10 10:40:50 IST,30.01,18.13,,,,
2021-02-10 10:51:33 IST,30.02,15.88,,,,
2021-02-10 11:02:13 IST,30.51,15.81,,,,
2021-02-10 11:12:53 IST,31.57,14.01,,,,
2021-02-10 11:23:32 IST,31.88,14.38,,,,
2021-02-10 11:34:11 IST,32.13,14.52,,,,
2021-02-10 11:45:41 IST,30.01,23.3,,,,
2021-02-10 11:57:12 IST,30.01,22.81,,,,
2021-02-10 12:08:42 IST,30.02,22.31,,,,
2021-02-10 12:20:05 IST,30.01,22.09,,,,
2021-02-10 12:30:44 IST,31.36,17.98,,,,
2021-02-10 12:41:23 IST,30.08,21.73,,,,
2021-02-10 12:52:48 IST,30.04,23.61,,,,
2021-02-10 13:03:28 IST,30.56,23.32,,,,
2021-02-10 13:14:11 IST,30.01,21.01,,,,
2021-02-10 13:24:50 IST,30.6,21.56,,,,
2021-02-10 13:35:29 IST,30.46,20.88,,,,
2021-02-10 13:46:10 IST,30.24,21.9,,,,
2021-02-10 13:56:49 IST,30.41,21.74,,,,
2021-02-10 14:07:28 IST,32.1,21.11,,,,
2021-02-10 14:18:08 IST,31.04,19.78,,,,
2021-02-10 14:28:47 IST,30.31,20.36,,,,
2021-02-10 14:40:09 IST,30.03,21.2,,,,
2021-02-10 14:51:40 IST,30.02,23.28,,,,
2021-02-10 15:03:04 IST,30.04,26.29,,,,
2021-02-10 15:13:43 IST,31.4,16.81,,,,
2021-02-10 15:24:23 IST,32.63,13.97,,,,
2021-02-10 15:35:02 IST,33.1,13.35,,,,
2021-02-10 15:45:41 IST,32.85,13.28,,,,
2021-02-10 16:07:00 IST,32.4,14.48,,,,
2021-02-10 16:17:40 IST,32.25,13.65,,,,
2021-02-10 16:28:19 IST,32.24,14.54,,,,
2021-02-10 16:38:59 IST,32.2,13.83,,,,
2021-02-10 16:49:38 IST,31.19,15.31,,,,
2021-02-10 17:00:17 IST,31.09,14.43,,,,
2021-02-10 17:10:57 IST,30.09,15.27,,,,
2021-02-11 01:35:00 IST,14.18,60,,,,
2021-02-11 01:45:40 IST,13.64,63.02,,,,
2021-02-11 01:56:19 IST,13.3,64.19,,,,
2021-02-11 02:06:59 IST,13.24,63.36,,,,
2021-02-11 02:17:38 IST,13.2,63.89,,,,
2021-02-11 02:28:17 IST,13.18,62.81,,,,
2021-02-11 02:38:57 IST,13.11,63.22,,,,
2021-02-11 02:49:37 IST,12.99,64.42,,,,
2021-02-11 03:00:16 IST,12.7,66.48,,,,
2021-02-11 03:10:56 IST,12.77,65.6,,,,
2021-02-11 03:21:35 IST,12.72,66.41,,,,
2021-02-11 03:32:14 IST,12.85,64.2,,,,
2021-02-11 03:42:54 IST,12.6,66.11,,,,
2021-02-11 03:53:33 IST,12.54,66.5,,,,
2021-02-11 04:04:13 IST,12.57,65.62,,,,
2021-02-11 04:14:52 IST,12.56,65.71,,,,
2021-02-11 04:25:32 IST,12.75,62.95,,,,
2021-02-11 04:36:11 IST,12.67,64.3,,,,
2021-02-11 04:46:51 IST,12.62,64.77,,,,
2021-02-11 04:57:30 IST,12.37,65.44,,,,
2021-02-11 05:08:09 IST,12.19,66.64,,,,
2021-02-11 05:18:49 IST,12.02,67.61,,,,
2021-02-11 05:29:28 IST,11.86,68.92,,,,
2021-02-11 05:40:08 IST,11.82,68.74,,,,
2021-02-11 05:50:47 IST,11.88,67.27,,,,
2021-02-11 06:01:27 IST,11.9,67.83,,,,
2021-02-11 06:12:06 IST,11.55,70.33,,,,
2021-02-11 06:22:45 IST,11.24,71.16,,,,
2021-02-11 06:33:25 IST,11.22,70.06,,,,
2021-02-11 06:44:04 IST,11.48,68.2,,,,
2021-02-11 06:54:44 IST,11.19,71.16,,,,
2021-02-11 07:05:23 IST,11,71.69,,,,
2021-02-11 07:16:03 IST,11.3,70.73,,,,
2021-02-11 07:26:42 IST,11.89,68.76,,,,
2021-02-11 07:37:21 IST,12.46,67.55,,,,
2021-02-11 07:48:01 IST,13.02,65.79,,,,
2021-02-11 07:58:40 IST,13.99,62.82,,,,
2021-02-11 08:09:19 IST,14.9,60.87,,,,
2021-02-11 10:00:21 IST,30.01,27.08,,,,
2021-02-11 10:17:27 IST,30.01,23.15,,,,
2021-02-11 10:35:33 IST,30.01,28.55,,,,
2021-02-11 10:51:18 IST,30.01,29,,,,
2021-02-11 11:05:56 IST,30.02,29.39,,,,
2021-02-11 11:20:15 IST,30.01,29.48,,,,
2021-02-11 11:31:56 IST,30.02,21.69,,,,
2021-02-11 11:42:36 IST,31.26,21.19,,,,
2021-02-11 11:53:15 IST,31.73,18.32,,,,
2021-02-11 12:03:54 IST,32.12,16.22,,,,
2021-02-11 12:14:34 IST,33.13,15.46,,,,
2021-02-11 12:25:13 IST,33.99,13.87,,,,
2021-02-11 12:35:53 IST,34.75,12.65,,,,
2021-02-11 12:46:32 IST,34.29,12.79,,,,
2021-02-11 14:01:36 IST,42.69,19.11,,,,
2021-02-11 14:12:15 IST,35.51,11.58,,,,
2021-02-11 14:22:54 IST,34.91,12.37,,,,
2021-02-11 14:33:34 IST,34.82,13.96,,,,
2021-02-11 14:44:13 IST,35.06,12.97,,,,
2021-02-11 14:54:53 IST,30.57,24.45,,,,
2021-02-11 15:05:32 IST,30.27,27.65,,,,
2021-02-11 15:17:06 IST,30.03,26.58,,,,
2021-02-11 15:28:07 IST,30.01,25.42,,,,
2021-02-11 15:40:33 IST,30.01,23.97,,,,
2021-02-11 16:09:56 IST,30.01,26.61,,,,
2021-02-11 16:25:08 IST,30.01,25.75,,,,
2021-02-11 16:43:01 IST,30.01,22.18,,,,
2021-02-12 02:24:30 IST,14.68,60.01,,,,
2021-02-12 03:19:27 IST,14.5,60,,,,
2021-02-12 03:30:07 IST,14.1,62.46,,,,
2021-02-12 03:40:46 IST,13.97,63.27,,,,
2021-02-12 03:51:26 IST,13.95,63.13,,,,
2021-02-12 04:02:05 IST,13.74,64.79,,,,
2021-02-12 04:12:45 IST,13.68,63.79,,,,
2021-02-12 04:23:24 IST,13.61,65.61,,,,
2021-02-12 04:34:03 IST,13.48,64.91,,,,
2021-02-12 04:44:43 IST,13.53,64.45,,,,
2021-02-12 04:55:22 IST,13.61,64.37,,,,
2021-02-12 05:06:02 IST,13.58,65.85,,,,
2021-02-12 05:16:42 IST,13.48,65.87,,,,
2021-02-12 05:27:21 IST,13.4,66.78,,,,
2021-02-12 05:38:00 IST,13.69,63.64,,,,
2021-02-12 05:48:40 IST,13.92,61.16,,,,
2021-02-12 05:59:19 IST,13.91,60.79,,,,
2021-02-12 06:10:25 IST,13.95,60.01,,,,
2021-02-12 06:21:05 IST,13.87,60.87,,,,
2021-02-12 06:31:44 IST,13.76,61.26,,,,
2021-02-12 06:42:24 IST,13.74,60.73,,,,
2021-02-12 10:16:49 IST,30.02,37.09,,,,
2021-02-12 10:38:21 IST,30.02,34.67,,,,
2021-02-12 10:55:57 IST,30.01,33.49,,,,
2021-02-12 11:11:44 IST,30.01,35.23,,,,
2021-02-12 11:25:56 IST,30.02,34.95,,,,
2021-02-12 11:39:07 IST,30.01,31.84,,,,
2021-02-12 11:52:29 IST,30.01,35.32,,,,
2021-02-12 12:04:13 IST,30.01,34.84,,,,
2021-02-12 12:17:20 IST,30.01,31.51,,,,
2021-02-12 12:28:52 IST,30.06,31.19,,,,
2021-02-12 12:41:00 IST,30.01,34.99,,,,
2021-02-12 12:52:34 IST,30.04,28.88,,,,
2021-02-12 13:03:13 IST,30.53,26.75,,,,
2021-02-12 13:14:17 IST,30.04,27.64,,,,
2021-02-12 13:24:56 IST,30.15,26.35,,,,
2021-02-12 13:35:36 IST,30.49,27.03,,,,
2021-02-12 13:46:15 IST,30.74,27.85,,,,
2021-02-12 13:56:55 IST,30.65,27.78,,,,
2021-02-12 14:07:34 IST,31.3,26.54,,,,
2021-02-12 14:18:13 IST,30.99,25.92,,,,
2021-02-12 14:29:31 IST,30.04,25.85,,,,
2021-02-12 14:40:56 IST,30.03,24.89,,,,
2021-02-12 14:51:35 IST,30.46,26.25,,,,
2021-02-12 15:02:15 IST,30.18,27.18,,,,
2021-02-12 15:12:54 IST,30.09,28.54,,,,
2021-02-12 15:24:39 IST,30.02,27.85,,,,
2021-02-12 15:36:41 IST,30.03,27.69,,,,
2021-02-12 15:48:56 IST,30.02,26.56,,,,
2021-02-12 16:04:15 IST,30.01,33.83,,,,
2021-02-12 16:19:04 IST,30.01,32.59,,,,
2021-02-12 20:05:32 IST,18.58,60.01,,,,
2021-02-12 20:16:16 IST,18.32,61.13,,,,
2021-02-12 20:26:51 IST,17.94,61.46,,,,
2021-02-12 20:37:30 IST,18.15,60.87,,,,
2021-02-12 21:24:18 IST,18.1,60,,,,
2021-02-12 21:34:54 IST,17.8,61.07,,,,
2021-02-12 21:45:33 IST,17.6,62.18,,,,
2021-02-12 21:56:14 IST,17.7,61.76,,,,
2021-02-12 22:06:52 IST,17.64,61.21,,,,
2021-02-12 22:26:17 IST,17.8,60.01,,,,
2021-02-12 22:36:56 IST,17.71,60.39,,,,
2021-02-12 22:47:36 IST,17.56,60.45,,,,
2021-02-12 22:58:15 IST,17.36,61.02,,,,
2021-02-12 23:08:55 IST,17.27,62.3,,,,
2021-02-12 23:19:34 IST,17.14,62.67,,,,
2021-02-12 23:30:14 IST,17.14,63.25,,,,
2021-02-12 23:40:53 IST,17.13,61.53,,,,
2021-02-12 23:51:32 IST,17.11,61.52,,,,
2021-02-13 00:02:12 IST,16.98,61.57,,,,
2021-02-13 00:12:51 IST,16.75,62.76,,,,
2021-02-13 00:23:31 IST,16.71,62.4,,,,
2021-02-13 00:34:10 IST,16.62,62.74,,,,
2021-02-13 00:44:50 IST,16.39,63.73,,,,
2021-02-13 00:55:30 IST,16.33,63.99,,,,
2021-02-13 01:06:09 IST,16.08,65.59,,,,
2021-02-13 01:16:48 IST,15.89,65.93,,,,
2021-02-13 01:27:27 IST,15.7,66.95,,,,
2021-02-13 01:38:07 IST,15.7,67.34,,,,
2021-02-13 01:48:46 IST,15.62,67.91,,,,
2021-02-13 01:59:26 IST,15.48,69.15,,,,
2021-02-13 02:10:05 IST,15.44,69.25,,,,
2021-02-13 02:20:45 IST,15.52,67.8,,,,
2021-02-13 02:31:24 IST,15.59,65.08,,,,
2021-02-13 02:42:04 IST,15.4,67.46,,,,
2021-02-13 02:52:43 IST,15.28,68.06,,,,
2021-02-13 03:03:23 IST,14.96,68.96,,,,
2021-02-13 03:14:02 IST,14.93,69.36,,,,
2021-02-13 03:24:41 IST,15.03,68.33,,,,
2021-02-13 03:35:21 IST,14.81,69.76,,,,
2021-02-13 03:46:00 IST,14.42,73.07,,,,
2021-02-13 03:56:40 IST,14.17,74.72,,,,
2021-02-13 04:07:19 IST,14.09,73.01,,,,
2021-02-13 04:17:59 IST,14.29,69.08,,,,
2021-02-13 04:28:38 IST,14.4,70.13,,,,
2021-02-13 04:39:18 IST,14.46,68.26,,,,
2021-02-13 04:49:57 IST,14.34,70.6,,,,
2021-02-13 05:00:36 IST,14.22,72.7,,,,
2021-02-13 05:11:16 IST,13.91,74.24,,,,
2021-02-13 05:21:55 IST,13.56,74.6,,,,
2021-02-13 05:32:35 IST,13.66,72.42,,,,
2021-02-13 05:43:14 IST,13.75,71.99,,,,
2021-02-13 05:53:54 IST,13.78,73.14,,,,
2021-02-13 06:04:33 IST,13.52,75.01,,,,
2021-02-13 06:15:12 IST,13.33,75.02,,,,
2021-02-13 06:25:52 IST,13.41,72.83,,,,
2021-02-13 06:36:31 IST,13.38,73.64,,,,
2021-02-13 06:47:11 IST,13.43,73.42,,,,
2021-02-13 06:57:52 IST,13.35,75.61,,,,
2021-02-13 07:08:30 IST,13.29,75.49,,,,
2021-02-13 07:19:09 IST,13.57,73.07,,,,
2021-02-13 07:29:49 IST,13.96,72.81,,,,
2021-02-13 07:40:28 IST,14.8,69.1,,,,
2021-02-13 07:51:08 IST,15.93,64.17,,,,
2021-02-13 08:01:47 IST,16.89,61.06,,,,
2021-02-13 10:18:54 IST,30.01,39.08,,,,
2021-02-13 10:38:55 IST,30.01,40.67,,,,
2021-02-13 10:55:20 IST,30.01,36.71,,,,
2021-02-13 11:11:02 IST,30.01,39.59,,,,
2021-02-13 11:24:58 IST,30.02,35.75,,,,
2021-02-13 11:38:28 IST,30.01,37.11,,,,
2021-02-13 11:51:31 IST,30.01,36.35,,,,
2021-02-13 12:04:29 IST,30.02,37.03,,,,
2021-02-13 12:16:42 IST,30.02,34.79,,,,
2021-02-13 12:28:21 IST,30.03,32.44,,,,
2021-02-13 12:39:59 IST,30.02,35.52,,,,
2021-02-13 12:50:39 IST,30.38,32.38,,,,
2021-02-13 13:01:34 IST,30.05,32.61,,,,
2021-02-13 13:12:14 IST,30.56,31.71,,,,
2021-02-13 13:22:53 IST,30.85,32.15,,,,
2021-02-13 13:33:32 IST,30.49,32.57,,,,
2021-02-13 13:44:12 IST,30.65,28.14,,,,
2021-02-13 13:54:51 IST,30.6,28.98,,,,
2021-02-13 14:05:31 IST,30.71,29.58,,,,
2021-02-13 14:16:10 IST,30.49,30.49,,,,
2021-02-13 14:26:57 IST,30.02,32.97,,,,
2021-02-13 14:38:01 IST,30.01,31.14,,,,
2021-02-13 14:49:39 IST,30.01,33.08,,,,
2021-02-13 15:01:44 IST,30.02,34.22,,,,
2021-02-13 15:13:44 IST,30.01,31.63,,,,
2021-02-13 15:25:54 IST,30.02,32.16,,,,
2021-02-13 15:39:47 IST,30.01,35.89,,,,
2021-02-13 15:54:00 IST,30.01,35.01,,,,
2021-02-13 16:08:58 IST,30.01,34.19,,,,
2021-02-13 16:27:45 IST,30.02,33.76,,,,
2021-02-13 18:50:08 IST,21.9,60.14,,,,
2021-02-13 19:00:51 IST,21.22,61.26,,,,
2021-02-13 19:23:02 IST,20.81,60.04,,,,
2021-02-13 19:34:35 IST,20.55,60.1,,,,
2021-02-13 20:47:16 IST,19.81,61.31,,,,
2021-02-13 21:29:54 IST,19.01,65.24,,,,
2021-02-13 21:51:13 IST,18.64,66.25,,,,
2021-02-13 22:01:52 IST,18.24,69.37,,,,
2021-02-13 22:12:31 IST,18.03,69.97,,,,
2021-02-13 22:23:10 IST,18.07,69.38,,,,
2021-02-13 22:33:50 IST,18.14,67.91,,,,
2021-02-13 22:44:30 IST,18.01,68.01,,,,
2021-02-13 22:55:09 IST,17.82,69.46,,,,
2021-02-13 23:05:49 IST,17.58,70.15,,,,
2021-02-13 23:16:28 IST,17.33,71.2,,,,
2021-02-13 23:27:08 IST,17.12,73.57,,,,
2021-02-13 23:37:47 IST,17,74.29,,,,
2021-02-13 23:48:26 IST,17.01,74.23,,,,
2021-02-13 23:59:06 IST,16.98,74.59,,,,
2021-02-14 00:09:45 IST,16.84,75.4,,,,
2021-02-14 00:20:25 IST,16.81,74.73,,,,
2021-02-14 00:31:04 IST,16.73,74.97,,,,
2021-02-14 00:41:44 IST,16.63,74.85,,,,
2021-02-14 00:52:23 IST,16.6,74.36,,,,
2021-02-14 01:03:03 IST,16.62,72.7,,,,
2021-02-14 01:13:42 IST,16.62,71.38,,,,
2021-02-14 01:24:21 IST,16.56,71.63,,,,
2021-02-14 01:35:01 IST,16.47,72.04,,,,
2021-02-14 01:45:40 IST,16.35,72.73,,,,
2021-02-14 01:56:19 IST,16.31,72.56,,,,
2021-02-14 02:06:59 IST,16.08,74.17,,,,
2021-02-14 02:17:38 IST,15.94,73.42,,,,
2021-02-14 02:28:18 IST,15.9,74.24,,,,
2021-02-14 02:38:57 IST,15.85,73.98,,,,
2021-02-14 02:49:37 IST,15.88,73.17,,,,
2021-02-14 03:00:16 IST,15.82,73.27,,,,
2021-02-14 03:10:56 IST,15.63,73.51,,,,
2021-02-14 03:21:35 IST,15.65,73.47,,,,
2021-02-14 03:32:15 IST,15.57,73.38,,,,
2021-02-14 03:42:54 IST,15.64,73.14,,,,
2021-02-14 03:53:33 IST,15.43,73.83,,,,
2021-02-14 04:04:13 IST,15.14,74.69,,,,
2021-02-14 04:14:53 IST,15.27,73.93,,,,
2021-02-14 04:25:32 IST,15.33,73.4,,,,
2021-02-14 04:36:11 IST,15.43,72.64,,,,
2021-02-14 04:46:51 IST,15.28,72.35,,,,
2021-02-14 04:57:30 IST,14.95,74.38,,,,
2021-02-14 05:08:10 IST,14.87,74.96,,,,
2021-02-14 05:18:49 IST,14.77,75.78,,,,
2021-02-14 05:29:29 IST,14.74,73.36,,,,
2021-02-14 05:40:08 IST,14.66,75.12,,,,
2021-02-14 05:50:48 IST,14.3,75.07,,,,
2021-02-14 06:01:27 IST,14.1,78.16,,,,
2021-02-14 06:12:07 IST,14.05,76.09,,,,
2021-02-14 06:22:46 IST,14.04,75.67,,,,
2021-02-14 06:33:25 IST,14.03,76.59,,,,
2021-02-14 06:44:05 IST,14.06,75.85,,,,
2021-02-14 06:54:44 IST,14.21,74.91,,,,
2021-02-14 07:05:23 IST,14.29,74.69,,,,
2021-02-14 07:16:03 IST,14.35,75.32,,,,
2021-02-14 07:26:42 IST,14.48,75.97,,,,
2021-02-14 07:37:22 IST,14.96,74.27,,,,
2021-02-14 07:48:01 IST,15.15,76,,,,
2021-02-14 07:58:40 IST,15.79,73.99,,,,
2021-02-14 08:09:20 IST,16.24,74.14,,,,
2021-02-14 08:20:00 IST,16.78,73.11,,,,
2021-02-14 08:30:39 IST,16.48,66.71,,,,
2021-02-14 08:41:19 IST,17.51,62.78,,,,
2021-02-14 10:12:09 IST,30.01,43.74,,,,
2021-02-14 10:32:09 IST,30.02,39,,,,
2021-02-14 10:49:07 IST,30.01,38.47,,,,
2021-02-14 11:04:09 IST,30.02,37.99,,,,
2021-02-14 11:19:00 IST,30.02,38.56,,,,
2021-02-14 11:32:39 IST,30.02,35.92,,,,
2021-02-14 11:46:04 IST,30.02,36.13,,,,
2021-02-14 11:59:12 IST,30.01,38.99,,,,
2021-02-14 12:12:01 IST,30.01,37.82,,,,
2021-02-14 12:24:41 IST,30.01,39.08,,,,
2021-02-14 12:36:32 IST,30.02,35.57,,,,
2021-02-14 12:48:41 IST,30.04,36.68,,,,
2021-02-14 12:59:38 IST,30.01,37.3,,,,
2021-02-14 13:10:17 IST,30.07,34.73,,,,
2021-02-14 13:21:13 IST,30.02,33.06,,,,
2021-02-14 13:32:17 IST,30.03,33.67,,,,
2021-02-14 13:42:55 IST,30.12,33.2,,,,
2021-02-14 13:53:34 IST,30.14,32.1,,,,
2021-02-14 14:04:56 IST,30.02,32,,,,
2021-02-14 14:16:30 IST,30.02,32.67,,,,
2021-02-14 14:28:22 IST,30.02,33.11,,,,
2021-02-14 14:40:43 IST,30.04,29.38,,,,
2021-02-14 14:51:23 IST,31.07,25.61,,,,
2021-02-14 15:02:01 IST,32.43,22.67,,,,
2021-02-14 15:12:41 IST,32.51,21.62,,,,
2021-02-14 15:23:27 IST,32.39,21.04,,,,
2021-02-14 15:34:00 IST,32.12,20.92,,,,
2021-02-14 15:44:39 IST,32.73,20.84,,,,
2021-02-14 15:55:19 IST,32.58,20.43,,,,
2021-02-14 16:05:58 IST,32.01,20.96,,,,
2021-02-14 16:16:38 IST,32,20.66,,,,
2021-02-14 16:27:17 IST,31.65,21.69,,,,
2021-02-14 16:37:57 IST,31.27,22.55,,,,
2021-02-14 16:48:36 IST,30.72,21.82,,,,
2021-02-14 16:59:16 IST,30.51,23.13,,,,
2021-02-14 17:09:55 IST,30.04,23.79,,,,
2021-02-14 21:39:54 IST,20.25,60.02,,,,
2021-02-14 21:51:52 IST,20.05,60.03,,,,
2021-02-14 22:02:32 IST,19.85,61.12,,,,
2021-02-14 22:13:11 IST,19.75,62.43,,,,
2021-02-14 22:23:51 IST,19.51,63.85,,,,
2021-02-14 22:34:30 IST,19.09,64.92,,,,
2021-02-14 22:45:10 IST,18.96,66.22,,,,
2021-02-14 22:55:49 IST,18.74,67.57,,,,
2021-02-14 23:06:29 IST,18.55,68.34,,,,
2021-02-14 23:17:08 IST,18.4,69.37,,,,
2021-02-14 23:27:47 IST,18.31,69.12,,,,
2021-02-14 23:38:27 IST,18.25,69.29,,,,
2021-02-14 23:49:06 IST,18.06,70.3,,,,
2021-02-14 23:59:46 IST,17.99,70.04,,,,
2021-02-15 00:10:25 IST,18.03,69.66,,,,
2021-02-15 00:21:05 IST,18.01,70.76,,,,
2021-02-15 00:31:44 IST,17.8,71.06,,,,
2021-02-15 00:42:23 IST,17.68,71.5,,,,
2021-02-15 00:53:03 IST,17.54,72.05,,,,
2021-02-15 01:03:43 IST,17.47,71.85,,,,
2021-02-15 01:14:22 IST,17.36,71.87,,,,
2021-02-15 01:25:01 IST,17.21,73.26,,,,
2021-02-15 01:35:41 IST,17.19,73.21,,,,
2021-02-15 01:46:20 IST,17.24,73.09,,,,
2021-02-15 01:57:00 IST,17.21,73.26,,,,
2021-02-15 02:07:39 IST,17.21,72.25,,,,
2021-02-15 02:18:19 IST,17.15,72.73,,,,
2021-02-15 02:28:58 IST,17.19,72.22,,,,
2021-02-15 02:39:37 IST,16.95,72.59,,,,
2021-02-15 02:50:17 IST,16.87,73.39,,,,
2021-02-15 03:00:56 IST,16.83,73.73,,,,
2021-02-15 03:11:36 IST,16.6,74.74,,,,
2021-02-15 03:22:15 IST,16.28,76.23,,,,
2021-02-15 03:32:55 IST,16.1,76.51,,,,
2021-02-15 03:43:34 IST,16.22,75.5,,,,
2021-02-15 03:54:13 IST,16.13,76.18,,,,
2021-02-15 04:04:53 IST,16.12,76.2,,,,
2021-02-15 04:15:32 IST,16.17,76.08,,,,
2021-02-15 04:26:12 IST,16.12,75.69,,,,
2021-02-15 04:36:51 IST,16.05,76.83,,,,
2021-02-15 04:47:31 IST,15.84,77.5,,,,
2021-02-15 04:58:10 IST,15.69,76.08,,,,
2021-02-15 05:08:50 IST,15.85,76.24,,,,
2021-02-15 05:19:29 IST,15.69,76.86,,,,
2021-02-15 05:30:09 IST,15.71,75.85,,,,
2021-02-15 05:40:48 IST,15.87,74.37,,,,
2021-02-15 05:51:28 IST,15.79,75.62,,,,
2021-02-15 06:02:07 IST,15.53,77.18,,,,
2021-02-15 06:12:47 IST,15.57,76.69,,,,
2021-02-15 06:23:26 IST,15.46,77.31,,,,
2021-02-15 06:34:06 IST,15.33,76.94,,,,
2021-02-15 06:44:45 IST,15.16,77.89,,,,
2021-02-15 06:55:24 IST,15.09,77.32,,,,
2021-02-15 07:06:04 IST,15.09,77.15,,,,
2021-02-15 07:16:43 IST,15.15,76.91,,,,
2021-02-15 07:27:23 IST,15.42,75.4,,,,
2021-02-15 07:38:02 IST,15.85,74.21,,,,
2021-02-15 07:48:41 IST,16.31,73.67,,,,
2021-02-15 07:59:21 IST,16.91,73.45,,,,
2021-02-15 08:10:00 IST,17.61,71.85,,,,
2021-02-15 08:20:40 IST,18.29,70.24,,,,
2021-02-15 10:14:18 IST,30.02,42.9,,,,
2021-02-15 10:35:02 IST,30.01,42.31,,,,
2021-02-15 10:51:25 IST,30.01,35.52,,,,
2021-02-15 11:06:44 IST,30.02,39.36,,,,
2021-02-15 11:21:44 IST,30.01,39.55,,,,
2021-02-15 11:36:08 IST,30.02,40.5,,,,
2021-02-15 12:03:46 IST,30.01,40.55,,,,
2021-02-15 12:16:54 IST,30.03,38.44,,,,
2021-02-15 12:29:12 IST,30.04,36.34,,,,
2021-02-15 12:40:45 IST,30.04,33.24,,,,
2021-02-15 12:52:28 IST,30.01,33.72,,,,
2021-02-15 13:03:48 IST,30.01,34.38,,,,
2021-02-15 13:14:30 IST,30.13,32.2,,,,
2021-02-15 13:25:09 IST,30.36,32.6,,,,
2021-02-15 13:35:46 IST,30.06,32.94,,,,
2021-02-15 13:46:27 IST,30.47,29.55,,,,
2021-02-15 13:57:50 IST,30.01,30.71,,,,
2021-02-15 16:13:55 IST,30.59,24.17,,,,
2021-02-15 16:24:35 IST,30.63,25.79,,,,
2021-02-15 16:39:27 IST,31.53,24.09,,,,
2021-02-15 16:50:07 IST,31.45,23.1,,,,
2021-02-15 17:00:46 IST,30.86,24.12,,,,
2021-02-15 17:11:32 IST,30.18,25.24,,,,
2021-02-15 22:37:12 IST,18.7,69.19,,,,
2021-02-15 22:47:51 IST,18.43,70.58,,,,
2021-02-15 22:58:31 IST,18.3,71.36,,,,
2021-02-15 23:09:10 IST,18.04,73.2,,,,
2021-02-15 23:19:50 IST,17.87,72.18,,,,
2021-02-15 23:30:29 IST,17.72,71.95,,,,
2021-02-15 23:41:08 IST,17.66,72.79,,,,
2021-02-15 23:51:48 IST,17.59,72.82,,,,
2021-02-16 00:02:27 IST,17.45,73.95,,,,
2021-02-16 00:13:07 IST,17.25,74.87,,,,
2021-02-16 00:23:46 IST,17.29,74.59,,,,
2021-02-16 00:34:26 IST,17.18,75.6,,,,
2021-02-16 00:45:05 IST,17.04,75.8,,,,
2021-02-16 00:55:45 IST,17.01,75.96,,,,
2021-02-16 01:06:24 IST,16.97,76.29,,,,
2021-02-16 01:17:03 IST,16.82,76.96,,,,
2021-02-16 01:27:43 IST,16.63,77.83,,,,
2021-02-16 01:38:22 IST,16.44,78.27,,,,
2021-02-16 01:49:02 IST,16.31,78.09,,,,
2021-02-16 01:59:41 IST,16.37,77.21,,,,
2021-02-16 02:10:20 IST,16.43,76.85,,,,
2021-02-16 02:21:00 IST,16.56,76.97,,,,
2021-02-16 02:31:39 IST,16.49,77.43,,,,
2021-02-16 02:42:19 IST,16.44,77.54,,,,
2021-02-16 02:52:58 IST,16.34,77.62,,,,
2021-02-16 03:03:38 IST,16.32,77.64,,,,
2021-02-16 03:14:17 IST,16.27,78,,,,
2021-02-16 03:24:57 IST,16.21,78.18,,,,
2021-02-16 03:35:36 IST,16.15,78.14,,,,
2021-02-16 03:46:16 IST,16.09,78.34,,,,
2021-02-16 03:56:55 IST,16.09,78.28,,,,
2021-02-16 04:07:34 IST,16.04,78.64,,,,
2021-02-16 04:18:14 IST,15.96,79.24,,,,
2021-02-16 04:28:53 IST,15.87,79.09,,,,
2021-02-16 04:39:33 IST,15.94,78.63,,,,
2021-02-16 04:50:12 IST,15.88,78.37,,,,
2021-02-16 05:00:52 IST,15.86,78.07,,,,
2021-02-16 05:11:31 IST,15.76,78.14,,,,
2021-02-16 05:22:11 IST,15.7,78.2,,,,
2021-02-16 05:32:50 IST,15.69,77.96,,,,
2021-02-16 05:43:29 IST,15.46,78.47,,,,
2021-02-16 05:54:09 IST,15.26,78.34,,,,
2021-02-16 06:04:48 IST,15.47,78.02,,,,
2021-02-16 06:15:28 IST,15.43,78.4,,,,
2021-02-16 06:26:07 IST,15.4,78.32,,,,
2021-02-16 06:36:47 IST,15.3,79.31,,,,
2021-02-16 06:47:26 IST,15.2,79.6,,,,
2021-02-16 06:58:06 IST,15.31,79.48,,,,
2021-02-16 07:08:45 IST,15.4,79.3,,,,
2021-02-16 07:19:24 IST,15.4,79.69,,,,
2021-02-16 07:30:04 IST,15.54,79.25,,,,
2021-02-16 07:40:43 IST,15.91,78.31,,,,
2021-02-16 07:51:23 IST,16.39,77.41,,,,
2021-02-16 08:02:02 IST,17.02,75.83,,,,
2021-02-16 08:12:42 IST,17.65,75.01,,,,
2021-02-16 08:23:21 IST,18.21,70.75,,,,
2021-02-16 08:34:01 IST,18.82,66.77,,,,
2021-02-16 08:44:40 IST,19.89,62.81,,,,
2021-02-16 08:55:48 IST,21.26,60.24,,,,
2021-02-16 10:13:01 IST,30.01,47.8,,,,
2021-02-16 10:34:36 IST,30.01,45.92,,,,
2021-02-16 10:50:53 IST,30.02,40.64,,,,
2021-02-16 11:05:04 IST,30.01,35.79,,,,
2021-02-16 11:18:15 IST,30.03,36.19,,,,
2021-02-16 11:29:29 IST,30.02,29.77,,,,
2021-02-16 11:40:09 IST,30.36,26.93,,,,
2021-02-16 11:50:48 IST,30.96,25.17,,,,
2021-02-16 12:01:28 IST,31.44,24.32,,,,
2021-02-16 12:12:07 IST,32.56,24.37,,,,
2021-02-16 12:22:47 IST,32.45,25.08,,,,
2021-02-16 12:33:26 IST,33.09,24.28,,,,
2021-02-16 12:44:06 IST,33.45,22.87,,,,
2021-02-16 12:54:45 IST,33.96,21.58,,,,
2021-02-16 13:05:24 IST,34.14,21.71,,,,
2021-02-16 13:16:04 IST,31.17,32.83,,,,
2021-02-16 13:26:44 IST,30.59,33.78,,,,
2021-02-16 13:38:11 IST,30.02,33.79,,,,
2021-02-16 13:49:36 IST,30.03,35.18,,,,
2021-02-16 14:00:56 IST,30.02,34.25,,,,
2021-02-16 14:12:04 IST,30.02,36.07,,,,
2021-02-16 14:23:38 IST,30.02,36.29,,,,
2021-02-16 14:49:34 IST,30.01,37.11,,,,
2021-02-16 15:02:30 IST,30.02,38.58,,,,
2021-02-16 15:15:50 IST,30.02,39.54,,,,
2021-02-16 15:28:46 IST,30.01,38.52,,,,
2021-02-16 15:42:51 IST,30.01,37.53,,,,
2021-02-16 15:57:59 IST,30.01,37.51,,,,
2021-02-16 16:18:39 IST,30.01,45.07,,,,
2021-02-16 18:44:03 IST,21.86,60.01,,,,
2021-02-16 19:01:59 IST,21.61,60.02,,,,
2021-02-16 19:12:39 IST,21.3,60.42,,,,
2021-02-16 19:23:20 IST,21.12,62.54,,,,
2021-02-16 19:33:58 IST,20.99,62.26,,,,
2021-02-16 21:02:40 IST,20.62,60.01,,,,
2021-02-16 21:13:19 IST,20.5,61.9,,,,
2021-02-16 21:23:59 IST,20.65,61.3,,,,
2021-02-16 21:34:38 IST,20.52,61.9,,,,
2021-02-16 21:45:18 IST,20.21,64.3,,,,
2021-02-16 21:55:57 IST,20.11,65.48,,,,
2021-02-16 22:06:37 IST,19.93,65.14,,,,
2021-02-16 22:17:16 IST,19.73,67.46,,,,
2021-02-16 22:27:55 IST,19.53,69.19,,,,
2021-02-16 22:38:35 IST,19.2,70.77,,,,
2021-02-16 22:49:14 IST,19.11,71.24,,,,
2021-02-16 22:59:54 IST,19.29,71.81,,,,
2021-02-16 23:10:33 IST,19.1,72.75,,,,
2021-02-16 23:21:12 IST,18.72,74.89,,,,
2021-02-16 23:31:52 IST,18.55,75.36,,,,
2021-02-16 23:42:31 IST,18.43,76.19,,,,
2021-02-16 23:53:11 IST,18.52,75.61,,,,
